Source,Target,Type,Id,Label,timeset,Weight,timestamp
249,246,Directed,215,,,1,1225377522
361,361,Directed,318,,,1,1225333227
783,783,Directed,740,,,1,1225511867
472,472,Directed,813,,,17,1226493672
877,1165,Directed,1141,,,1,1225367760
1210,1210,Directed,1179,,,1,1225366656
1247,1247,Directed,1217,,,1,1225368616
274,274,Directed,1237,,,10,1226494127
465,465,Directed,1313,,,2,1225927020
728,728,Directed,1347,,,1,1225374682
1542,1542,Directed,1550,,,1,1225796116
1674,1674,Directed,1706,,,1,1225370070
636,636,Directed,1724,,,2,1225875077
1654,1654,Directed,1734,,,3,1225797229
1733,1733,Directed,1772,,,1,1225429157
121,121,Directed,1775,,,1,1225371560
1784,1784,Directed,1827,,,1,1225373907
1666,1666,Directed,1858,,,2,1225879834
1242,1242,Directed,1955,,,1,1225385813
1919,1919,Directed,1976,,,1,1225382802
1976,1976,Directed,2050,,,1,1226409616
2020,2020,Directed,2093,,,1,1225379949
2024,2024,Directed,2165,,,1,1225377295
390,390,Directed,2210,,,5,1226465691
1363,1363,Directed,2281,,,1,1225374679
2262,2262,Directed,2354,,,1,1225375094
1646,1646,Directed,2369,,,1,1225381804
1070,850,Directed,2394,,,1,1225376381
2393,2393,Directed,2547,,,1,1225376665
2436,286,Directed,2574,,,1,1225382349
2571,2571,Directed,2746,,,1,1225379120
2558,2558,Directed,2760,,,1,1225443704
853,853,Directed,2770,,,1,1225551881
2592,2592,Directed,2776,,,1,1225423153
1977,1977,Directed,2807,,,1,1225431061
992,992,Directed,2818,,,1,1225399402
2638,2638,Directed,2836,,,1,1225383465
2650,2650,Directed,2850,,,1,1225381311
2667,2667,Directed,2867,,,1,1225552287
1922,2130,Directed,2870,,,1,1225391071
2730,2730,Directed,2944,,,1,1225381941
2799,2799,Directed,3022,,,1,1225382895
1048,1048,Directed,3033,,,3,1226354058
2834,2834,Directed,3067,,,1,1225436863
2843,2843,Directed,3080,,,3,1226059908
2861,2861,Directed,3102,,,4,1225647856
2871,2871,Directed,3112,,,1,1225392975
2820,2820,Directed,3187,,,2,1226070568
873,873,Directed,3210,,,1,1225452344
72,72,Directed,3213,,,2,1225548362
837,837,Directed,3233,,,3,1226518263
3005,3004,Directed,3299,,,1,1225388564
3035,330,Directed,3355,,,1,1225386205
1055,1055,Directed,3464,,,1,1225415238
3118,3118,Directed,3467,,,6,1225827313
3124,264,Directed,3475,,,1,1225411543
2242,2242,Directed,3544,,,1,1225389898
286,2436,Directed,3557,,,1,1225391689
2987,2987,Directed,3566,,,1,1225390793
3004,3005,Directed,3624,,,1,1225389962
1131,1131,Directed,3678,,,1,1225396401
831,831,Directed,3684,,,1,1225449976
2130,1922,Directed,3717,,,1,1225394058
2478,2478,Directed,3747,,,1,1225391705
3401,3401,Directed,3819,,,1,1225395336
3396,3396,Directed,3868,,,1,1225397348
3481,3481,Directed,3938,,,2,1225395523
3539,3539,Directed,4032,,,1,1225393940
3624,3624,Directed,4171,,,1,1225394540
3655,3655,Directed,4215,,,1,1225396977
3685,3685,Directed,4248,,,1,1226022478
88,88,Directed,4361,,,1,1225445179
3592,3813,Directed,4428,,,1,1225398327
3813,3592,Directed,4429,,,1,1225398859
3892,155,Directed,4540,,,1,1225413130
3943,3943,Directed,4619,,,1,1225902017
2879,2879,Directed,4678,,,1,1225405403
4017,4017,Directed,4715,,,1,1225406016
1391,1391,Directed,4731,,,3,1226192241
2362,2362,Directed,4767,,,2,1226375386
1882,1882,Directed,4806,,,1,1225431871
4089,451,Directed,4835,,,1,1225405812
4124,4124,Directed,4892,,,1,1225406482
451,451,Directed,5199,,,6,1226382873
4333,4333,Directed,5214,,,1,1225419434
4511,4511,Directed,5480,,,1,1225522553
4631,4631,Directed,5644,,,1,1225428559
4690,4690,Directed,5724,,,1,1225436285
1257,1257,Directed,5729,,,1,1225620794
4709,4709,Directed,5746,,,1,1225447325
823,2316,Directed,5786,,,1,1225455014
3193,3193,Directed,5822,,,1,1225433570
4754,4754,Directed,5825,,,1,1225434278
4817,4817,Directed,5912,,,1,1225435242
4024,4024,Directed,5929,,,1,1225537153
4844,4844,Directed,5944,,,1,1225437451
448,448,Directed,6016,,,1,1225431341
4921,4921,Directed,6059,,,1,1225432545
3980,3980,Directed,6150,,,1,1225433406
3532,3532,Directed,6419,,,1,1225443424
5194,5194,Directed,6493,,,2,1226253827
1647,1647,Directed,6598,,,1,1225893035
331,2303,Directed,6629,,,1,1225438740
5366,5366,Directed,6804,,,1,1225444825
5507,5507,Directed,7043,,,2,1225460008
5199,5199,Directed,7051,,,1,1225443295
5513,5513,Directed,7059,,,1,1225442701
5394,5394,Directed,7112,,,1,1225453170
4962,4962,Directed,7203,,,3,1225699164
5632,5632,Directed,7253,,,1,1225703277
5662,5662,Directed,7317,,,1,1225445967
825,825,Directed,7332,,,3,1226321377
5702,5702,Directed,7384,,,1,1225498947
5756,5756,Directed,7478,,,1,1225535893
331,3967,Directed,7534,,,2,1225644023
5821,575,Directed,7587,,,1,1225450132
5840,5840,Directed,7614,,,1,1225448215
120,120,Directed,7700,,,2,1225456509
1580,1580,Directed,7763,,,1,1225450270
3500,3500,Directed,7779,,,1,1225449337
1404,1404,Directed,7951,,,16,1226466855
1236,1562,Directed,8027,,,1,1225455586
6116,6116,Directed,8056,,,1,1225523124
6140,6140,Directed,8090,,,1,1225453085
1527,1527,Directed,8482,,,7,1225734638
6389,6389,Directed,8496,,,1,1225468209
6391,6391,Directed,8518,,,1,1225479360
6448,6448,Directed,8583,,,1,1225523769
331,1260,Directed,8584,,,1,1225457651
6462,6462,Directed,8599,,,1,1225462570
4704,4704,Directed,8613,,,3,1226411570
5006,5006,Directed,8672,,,1,1225458532
6526,6526,Directed,8713,,,1,1225458787
1663,1663,Directed,8867,,,1,1225488352
6596,6596,Directed,8871,,,1,1225486204
6624,6624,Directed,8917,,,1,1225462531
914,914,Directed,8940,,,1,1225627532
611,611,Directed,8956,,,1,1225464281
6657,6657,Directed,8978,,,1,1225465404
3988,3988,Directed,9042,,,2,1226335135
280,280,Directed,9049,,,1,1225465993
194,194,Directed,9093,,,2,1225795353
1714,1714,Directed,9147,,,1,1225464745
6768,6768,Directed,9200,,,2,1225490849
6817,6817,Directed,9304,,,1,1225472881
2360,2360,Directed,9311,,,1,1225523690
6585,6585,Directed,9313,,,1,1225467111
2311,2311,Directed,9459,,,1,1225475490
331,331,Directed,9462,,,3,1225914887
331,476,Directed,9464,,,5,1225732943
476,4913,Directed,9511,,,1,1225469114
6922,6922,Directed,9528,,,1,1225485356
6923,6923,Directed,9529,,,1,1225475428
6981,6981,Directed,9655,,,1,1225620549
6521,6521,Directed,9658,,,2,1225522421
2752,476,Directed,9701,,,5,1226515952
7030,7030,Directed,9754,,,1,1225529685
4686,4686,Directed,9760,,,1,1225536970
7048,7048,Directed,9778,,,1,1225573400
7052,7052,Directed,9837,,,2,1225977067
7115,7115,Directed,9898,,,1,1225484520
7156,7156,Directed,9980,,,1,1225482875
4116,4116,Directed,10071,,,3,1226315565
1226,1226,Directed,10083,,,1,1225480318
204,204,Directed,10149,,,1,1225571246
823,823,Directed,10194,,,2,1226151408
7251,7251,Directed,10232,,,1,1225513101
3005,3005,Directed,10233,,,1,1225481241
72,2000,Directed,10358,,,1,1225548167
7420,7420,Directed,10567,,,1,1225491541
474,5735,Directed,10569,,,2,1226351715
7451,7451,Directed,10628,,,1,1225534447
5411,5411,Directed,10637,,,1,1225488216
725,725,Directed,10647,,,1,1225519707
7377,286,Directed,10693,,,6,1225612462
322,322,Directed,10792,,,1,1225533999
286,7377,Directed,10837,,,1,1225495434
7571,7571,Directed,10896,,,1,1225588228
2827,2827,Directed,11008,,,3,1226057309
7533,7533,Directed,11037,,,1,1225496325
7629,7629,Directed,11040,,,1,1225495599
2887,2887,Directed,11124,,,1,1225518846
1202,1202,Directed,11171,,,1,1225535887
7701,7701,Directed,11175,,,1,1225508350
7745,7745,Directed,11253,,,1,1225536663
7759,7759,Directed,11277,,,1,1225540545
140,140,Directed,11343,,,1,1225513327
7792,7792,Directed,11348,,,1,1225508321
866,866,Directed,11471,,,2,1225950510
7959,7959,Directed,11639,,,2,1226351266
4757,4757,Directed,11705,,,1,1225563697
6341,6341,Directed,11731,,,1,1225556979
3144,3144,Directed,11755,,,1,1225527854
8075,8075,Directed,11840,,,1,1225665554
5555,5555,Directed,11857,,,1,1225532972
8097,8097,Directed,11877,,,1,1225709642
2258,2258,Directed,11888,,,1,1225808317
3837,3837,Directed,11961,,,1,1225528961
1228,1228,Directed,12008,,,1,1225565094
1699,451,Directed,12021,,,1,1225535872
931,931,Directed,12070,,,1,1225526036
4270,4270,Directed,12082,,,3,1225836037
7806,7806,Directed,12141,,,1,1225720189
8208,8208,Directed,12149,,,2,1225712128
8280,8280,Directed,12219,,,2,1226501538
3910,3910,Directed,12224,,,6,1226255588
8287,8287,Directed,12240,,,1,1225529441
420,51,Directed,12307,,,2,1226132041
6595,6595,Directed,12312,,,1,1225549354
8322,8322,Directed,12320,,,2,1225530820
1941,1941,Directed,12341,,,1,1225531186
8382,8382,Directed,12437,,,1,1225717254
5735,474,Directed,12518,,,1,1225534757
327,327,Directed,12520,,,1,1225564036
191,476,Directed,12596,,,1,1225552336
5542,5542,Directed,12618,,,1,1225536467
8534,8534,Directed,12753,,,1,1225537295
2286,2286,Directed,12835,,,1,1225548904
8542,8542,Directed,12844,,,1,1225539230
2346,2346,Directed,12868,,,1,1225554522
3678,3678,Directed,12928,,,1,1225579364
8635,8635,Directed,12947,,,1,1225625676
8575,8575,Directed,12959,,,1,1225542390
2277,2277,Directed,12993,,,1,1225577303
4281,4281,Directed,13022,,,3,1226373831
216,216,Directed,13237,,,1,1225572837
8917,8917,Directed,13551,,,1,1225547712
56,56,Directed,13595,,,2,1226466832
9006,9006,Directed,13750,,,1,1225564064
5761,5761,Directed,13808,,,1,1225560207
2000,2000,Directed,13871,,,3,1226326314
9048,9048,Directed,13935,,,1,1225553065
286,286,Directed,13965,,,1,1225557104
9115,9115,Directed,14016,,,1,1225579447
9122,9122,Directed,14030,,,1,1225555130
4095,4095,Directed,14179,,,1,1225619536
8701,8701,Directed,14184,,,1,1225558823
9241,9241,Directed,14302,,,1,1225565998
5473,5473,Directed,14315,,,2,1226403791
4538,4538,Directed,14398,,,1,1225628670
9114,9114,Directed,14433,,,1,1225732548
9312,9312,Directed,14457,,,1,1225560848
5910,5910,Directed,14497,,,1,1225634552
9337,9337,Directed,14506,,,1,1225561504
3637,3637,Directed,14508,,,3,1226242534
9358,9358,Directed,14557,,,1,1225626467
6723,5008,Directed,14633,,,2,1226034744
5320,5320,Directed,14724,,,1,1225624545
5808,5808,Directed,14736,,,1,1225564651
3052,3052,Directed,14741,,,1,1225646312
1220,56,Directed,14814,,,1,1225589441
8121,8121,Directed,14891,,,1,1225631554
2164,2164,Directed,14948,,,1,1225570151
660,660,Directed,15082,,,1,1225567770
9600,9600,Directed,15109,,,1,1225619184
9617,9617,Directed,15174,,,1,1225575559
9648,9648,Directed,15235,,,1,1225570627
9678,9678,Directed,15310,,,1,1225571201
9692,9692,Directed,15348,,,1,1225793597
264,3124,Directed,15386,,,1,1225577260
9729,9729,Directed,15416,,,1,1225635316
5416,5416,Directed,16102,,,2,1225919871
10036,10036,Directed,16131,,,1,1225647553
6357,6357,Directed,16145,,,1,1225583908
10090,10090,Directed,16225,,,1,1225589307
10092,10092,Directed,16229,,,1,1225587833
475,475,Directed,16345,,,1,1225615904
2000,72,Directed,16421,,,1,1225587184
2677,2677,Directed,16571,,,3,1226180732
10252,10252,Directed,16592,,,1,1225617427
476,2752,Directed,16624,,,1,1225694256
10274,10274,Directed,16646,,,1,1225594945
10277,10277,Directed,16654,,,1,1226443477
10278,10278,Directed,16656,,,1,1225764907
10099,10099,Directed,16698,,,2,1226287413
4428,4428,Directed,16743,,,3,1226024213
9470,9470,Directed,16850,,,1,1225760917
6966,6966,Directed,16928,,,2,1225935611
10401,10401,Directed,16989,,,2,1225720898
3806,10412,Directed,17145,,,1,1225608750
10525,10525,Directed,17241,,,1,1225624650
257,257,Directed,17292,,,1,1225607663
352,352,Directed,17304,,,1,1225612281
371,371,Directed,17348,,,1,1225621860
303,303,Directed,17499,,,1,1225627494
6530,6530,Directed,17580,,,2,1225738535
231,231,Directed,17618,,,2,1225824087
10753,10753,Directed,17689,,,1,1225626178
10412,3806,Directed,17731,,,1,1225631344
10412,10412,Directed,17749,,,1,1225633671
10845,10845,Directed,17884,,,1,1225620203
9140,9140,Directed,17966,,,1,1225642936
10881,10881,Directed,17973,,,1,1225621669
10978,10978,Directed,18170,,,1,1225677374
10999,10999,Directed,18246,,,1,1225732540
16,4679,Directed,18253,,,1,1225629167
476,476,Directed,18312,,,4,1225891609
11046,11046,Directed,18356,,,1,1225625086
11066,11066,Directed,18365,,,1,1225626434
7470,7470,Directed,18418,,,1,1225630690
2758,2758,Directed,18448,,,1,1225753849
11128,11128,Directed,18502,,,2,1225638583
11139,11139,Directed,18519,,,1,1225628089
3432,3432,Directed,18526,,,1,1225659678
1295,1295,Directed,18567,,,2,1225641550
10606,10606,Directed,18568,,,1,1225629256
11180,11180,Directed,18618,,,1,1225629882
3247,3247,Directed,18625,,,1,1225630181
4679,16,Directed,18660,,,2,1225639997
5079,476,Directed,18666,,,1,1225630757
11245,11245,Directed,18780,,,4,1225663076
5210,5210,Directed,18917,,,1,1225700824
10024,10024,Directed,19005,,,1,1225635839
11358,11358,Directed,19078,,,1,1225646064
8897,8897,Directed,19123,,,1,1225657651
1498,1498,Directed,19230,,,1,1225732344
7807,7807,Directed,19262,,,1,1225694613
995,995,Directed,19274,,,1,1225659692
2005,2005,Directed,19285,,,2,1225648954
5189,2303,Directed,19446,,,3,1226236188
5689,5689,Directed,19490,,,1,1225708691
1070,10697,Directed,19583,,,1,1225667653
9411,9411,Directed,19611,,,1,1225688402
8807,8807,Directed,19660,,,2,1226329634
2485,2485,Directed,19685,,,4,1226188480
11651,11651,Directed,19756,,,1,1225646451
7663,7663,Directed,19762,,,1,1225652739
476,331,Directed,20048,,,1,1225645609
8761,8761,Directed,20051,,,1,1225647426
1532,1532,Directed,20061,,,1,1225692877
4765,4765,Directed,20098,,,2,1225983694
1904,1925,Directed,20153,,,1,1225655369
7678,7678,Directed,20232,,,1,1225648280
575,445,Directed,20255,,,2,1225909840
1993,1993,Directed,20343,,,1,1225668405
10697,1070,Directed,20352,,,1,1225718859
11549,11549,Directed,20376,,,5,1226499140
11924,11924,Directed,20412,,,1,1225651687
11928,11928,Directed,20421,,,1,1226523871
445,575,Directed,20526,,,1,1225710479
796,796,Directed,20543,,,2,1226505566
476,5079,Directed,20548,,,1,1225650799
3148,3148,Directed,20570,,,2,1225651879
5127,5127,Directed,20593,,,1,1225650757
12017,12017,Directed,20681,,,1,1225657669
12041,12041,Directed,20739,,,1,1225651623
8456,8456,Directed,20818,,,1,1225652652
11276,11276,Directed,20847,,,1,1225654504
12132,12132,Directed,20977,,,1,1225654673
2278,2278,Directed,20982,,,1,1225655102
12159,12159,Directed,21045,,,1,1225704369
4220,4220,Directed,21058,,,1,1225755926
2572,12168,Directed,21064,,,1,1225656624
1904,1904,Directed,21091,,,1,1226300380
8736,8736,Directed,21121,,,1,1225741767
11464,11464,Directed,21142,,,2,1226092046
403,403,Directed,21184,,,2,1226512708
12223,12223,Directed,21196,,,1,1225658599
12228,12228,Directed,21202,,,1,1225691132
12270,12270,Directed,21281,,,1,1225658680
11837,11837,Directed,21287,,,1,1225660360
12295,12295,Directed,21349,,,1,1225669605
1446,1446,Directed,21352,,,1,1225717679
12300,12300,Directed,21374,,,2,1226071979
2395,2395,Directed,21376,,,1,1225690321
3590,3590,Directed,21397,,,2,1225926414
1662,1662,Directed,21510,,,1,1225716571
6789,6789,Directed,21622,,,1,1225700537
12402,12402,Directed,21624,,,1,1225668316
4036,4036,Directed,21642,,,1,1225711585
12426,12426,Directed,21700,,,1,1225676718
1718,1718,Directed,21724,,,1,1225717039
11210,11210,Directed,21884,,,2,1225681480
4085,4085,Directed,21937,,,1,1225669351
3345,3345,Directed,21975,,,2,1225671047
9330,9330,Directed,22035,,,1,1225667976
12600,12600,Directed,22145,,,1,1225752528
3493,3493,Directed,22288,,,1,1225681519
11538,11538,Directed,22334,,,1,1225675865
476,191,Directed,22419,,,2,1225806443
12722,12722,Directed,22461,,,1,1225696364
12736,12736,Directed,22495,,,1,1225773760
12774,12774,Directed,22568,,,1,1225682010
561,561,Directed,22622,,,1,1225693576
7795,7795,Directed,22627,,,1,1225689814
12822,12822,Directed,22687,,,1,1225694137
12837,12837,Directed,22740,,,1,1225771313
2060,2060,Directed,22810,,,1,1225738508
12389,12389,Directed,22962,,,1,1225769192
2752,4565,Directed,23054,,,1,1225700788
13020,13020,Directed,23123,,,1,1225696421
13154,13154,Directed,23426,,,1,1225724912
6890,6890,Directed,23427,,,1,1225701417
7377,7377,Directed,23453,,,1,1225714107
3491,3491,Directed,23469,,,1,1225708431
4565,2752,Directed,23504,,,1,1225702922
761,761,Directed,23529,,,1,1225702375
8033,8033,Directed,23539,,,1,1225701782
12982,654,Directed,23608,,,3,1225742317
13240,13240,Directed,23630,,,1,1225701929
7734,7734,Directed,23658,,,3,1226408887
5624,5624,Directed,23663,,,1,1225701333
188,188,Directed,23735,,,1,1225705448
2133,2133,Directed,23756,,,1,1225703021
1184,1184,Directed,23792,,,1,1225704156
13432,13432,Directed,24075,,,2,1225720179
12792,12792,Directed,24086,,,2,1226471112
13444,13444,Directed,24112,,,1,1225705250
13448,13448,Directed,24124,,,1,1225706822
433,433,Directed,24201,,,1,1225707009
5506,5506,Directed,24235,,,1,1225717727
5182,5182,Directed,24248,,,1,1225714593
13561,13561,Directed,24427,,,1,1225718412
7674,7674,Directed,24445,,,1,1225711341
4972,10942,Directed,24461,,,1,1225708801
13583,2617,Directed,24482,,,1,1225783966
10387,10387,Directed,24495,,,1,1225708454
9319,13582,Directed,24642,,,1,1225716190
2874,2874,Directed,24644,,,2,1226164884
10942,4972,Directed,24679,,,1,1225713340
1820,1820,Directed,24765,,,1,1225729250
2062,2062,Directed,24886,,,1,1225711475
11510,11510,Directed,25091,,,1,1225777250
6914,6914,Directed,25220,,,1,1225726488
13550,13550,Directed,25385,,,1,1225716854
13582,9319,Directed,25426,,,1,1225717896
13929,13929,Directed,25458,,,1,1225784468
176,176,Directed,25483,,,1,1225725106
4290,4290,Directed,25608,,,1,1225750905
5923,5923,Directed,25693,,,1,1225730134
13677,13677,Directed,25946,,,1,1225718634
5672,5672,Directed,26080,,,1,1225747400
14162,14162,Directed,26121,,,2,1225727788
14139,14139,Directed,26171,,,1,1225722520
7782,7782,Directed,26313,,,1,1225722487
5481,5481,Directed,26326,,,1,1225733516
14256,14256,Directed,26359,,,1,1225723014
13565,13565,Directed,26449,,,1,1225779876
301,301,Directed,26654,,,1,1225768216
5192,5192,Directed,26817,,,1,1225738787
14492,14492,Directed,27015,,,1,1225737513
2450,2450,Directed,27112,,,1,1225784136
12103,12103,Directed,27211,,,2,1226239352
11549,1663,Directed,27265,,,1,1225734530
6821,6821,Directed,27411,,,1,1225784538
14650,14650,Directed,27448,,,1,1225793677
5682,5682,Directed,27508,,,1,1225746465
14678,14678,Directed,27523,,,1,1225774351
14680,14680,Directed,27526,,,1,1225738787
5129,5129,Directed,27553,,,1,1225739081
4891,4891,Directed,27607,,,1,1225741772
13695,14370,Directed,27641,,,1,1225737914
14370,13695,Directed,27658,,,1,1225739173
14537,14537,Directed,27766,,,1,1225740310
10818,10818,Directed,27802,,,1,1225741143
14799,14799,Directed,27842,,,1,1225877216
12509,12509,Directed,27885,,,1,1225781430
14855,14855,Directed,27997,,,1,1225781401
3202,3202,Directed,28028,,,4,1226318478
654,12982,Directed,28031,,,1,1225743979
5936,5936,Directed,28044,,,1,1225787189
13725,13725,Directed,28055,,,1,1225781186
14876,14876,Directed,28079,,,1,1225777354
14897,14897,Directed,28117,,,1,1225751710
14448,14448,Directed,28136,,,1,1225761864
4723,331,Directed,28171,,,2,1225776194
3556,3556,Directed,28306,,,2,1225822041
3979,3979,Directed,28311,,,1,1225746270
14958,14958,Directed,28325,,,1,1225746046
330,3035,Directed,28360,,,1,1225746876
15000,15000,Directed,28458,,,1,1225790016
97,97,Directed,28465,,,2,1225983963
2641,2641,Directed,28482,,,1,1225762611
13612,13612,Directed,28554,,,1,1225885761
15053,15053,Directed,28595,,,1,1225755690
15061,15061,Directed,28615,,,1,1225749398
10963,10963,Directed,28700,,,1,1225753790
15108,15108,Directed,28718,,,1,1225749090
15111,15111,Directed,28722,,,1,1225782447
1676,1676,Directed,28771,,,1,1225749714
424,424,Directed,28909,,,4,1226010841
14192,14192,Directed,29091,,,1,1225754455
15224,15224,Directed,29106,,,1,1225753773
5882,5882,Directed,29196,,,2,1226322014
14720,14720,Directed,29247,,,1,1225755460
11705,11705,Directed,29299,,,1,1225876941
5123,5123,Directed,29316,,,2,1226047850
8230,8230,Directed,29327,,,1,1225787975
660,3382,Directed,29395,,,1,1225760115
15355,15355,Directed,29464,,,1,1225830371
6927,6927,Directed,29468,,,1,1225988123
15405,15405,Directed,29592,,,1,1225797373
7032,15432,Directed,29679,,,1,1225764259
3382,3382,Directed,29709,,,2,1226275059
12742,12742,Directed,29720,,,2,1226283790
15432,7032,Directed,29728,,,1,1225764765
15483,15483,Directed,29808,,,1,1225800012
4577,4577,Directed,29812,,,2,1226376142
7561,7561,Directed,29972,,,1,1225772511
15299,15299,Directed,30099,,,1,1225775850
331,4723,Directed,30116,,,1,1225778029
3681,3681,Directed,30236,,,1,1225796828
15645,15645,Directed,30281,,,1,1225786827
15614,15614,Directed,30297,,,1,1225786167
15668,15668,Directed,30337,,,1,1225793455
5008,6723,Directed,30396,,,3,1226440290
6723,6723,Directed,30397,,,1,1225781450
11220,11220,Directed,30694,,,1,1225790916
15781,15781,Directed,30708,,,3,1225805836
15816,15816,Directed,30798,,,1,1225784291
5978,5978,Directed,30803,,,1,1225794078
2617,13583,Directed,30809,,,1,1225804522
1604,1604,Directed,30828,,,1,1225784564
209,209,Directed,30878,,,1,1225790448
8398,8398,Directed,31038,,,2,1226077964
7333,7333,Directed,31317,,,3,1226479101
626,626,Directed,31585,,,1,1225800546
46,46,Directed,31593,,,1,1225793941
3930,3930,Directed,31628,,,3,1226183420
16186,16186,Directed,31820,,,1,1225813697
16227,16227,Directed,31949,,,1,1225794207
15091,15091,Directed,31975,,,1,1225793729
4610,4610,Directed,32051,,,1,1225799556
7101,7101,Directed,32089,,,2,1226396373
7627,7627,Directed,32153,,,1,1225884559
12826,12826,Directed,32252,,,1,1225799010
6426,6426,Directed,32275,,,1,1225812637
1200,1200,Directed,32313,,,1,1225810620
429,429,Directed,32432,,,1,1225812960
6188,6188,Directed,32437,,,1,1225849210
3963,1673,Directed,32454,,,1,1225834358
15393,15393,Directed,32471,,,1,1225800805
1673,1673,Directed,32551,,,1,1225828729
1562,1236,Directed,32575,,,1,1225802103
654,654,Directed,32668,,,1,1225869601
958,958,Directed,32672,,,2,1226503181
16473,16473,Directed,32691,,,1,1225806857
4478,4478,Directed,32719,,,3,1226176787
16497,16497,Directed,32742,,,1,1225800397
7101,1318,Directed,32747,,,2,1225995165
16510,16510,Directed,32778,,,1,1225801507
284,284,Directed,32846,,,2,1226084703
1260,331,Directed,32971,,,1,1225803816
206,206,Directed,33005,,,3,1226008848
4961,4961,Directed,33088,,,1,1225804220
16708,16708,Directed,33277,,,1,1225807429
4913,476,Directed,33330,,,3,1226339082
137,137,Directed,33503,,,1,1225876031
16343,16343,Directed,33758,,,1,1225809275
356,1033,Directed,33775,,,1,1225828861
6532,16852,Directed,33803,,,1,1225811391
9382,9382,Directed,33806,,,1,1225809989
16852,6532,Directed,33866,,,1,1225813850
7661,7661,Directed,34000,,,3,1226352660
11327,11327,Directed,34076,,,2,1226323705
13506,13506,Directed,34144,,,1,1225813958
16188,16188,Directed,34159,,,1,1225813978
16986,16986,Directed,34213,,,1,1225814399
17004,17004,Directed,34277,,,2,1226168544
430,430,Directed,34316,,,1,1225816567
17022,17022,Directed,34349,,,1,1225897393
1741,1741,Directed,34375,,,1,1225850083
15777,15777,Directed,34450,,,1,1225816746
17068,17068,Directed,34458,,,1,1225836157
35,35,Directed,34461,,,1,1225826926
3058,3058,Directed,34468,,,1,1225858972
17072,17072,Directed,34469,,,1,1225817388
4562,4562,Directed,34535,,,1,1225818130
10417,10417,Directed,34566,,,2,1225818772
16687,16687,Directed,34722,,,1,1225821213
17198,17198,Directed,34829,,,1,1225823894
2848,2848,Directed,35087,,,1,1225826461
12042,12042,Directed,35099,,,1,1225827048
2989,2989,Directed,35125,,,1,1225829326
2263,2263,Directed,35136,,,1,1225829776
14518,14518,Directed,35247,,,1,1225911709
6449,6449,Directed,35248,,,1,1225828562
7893,7893,Directed,35378,,,1,1225830748
17381,17381,Directed,35388,,,1,1225830048
13648,13648,Directed,35394,,,1,1225849367
309,309,Directed,35419,,,1,1225831075
17443,17443,Directed,35562,,,1,1225889880
2158,2158,Directed,35816,,,1,1225839834
3843,3843,Directed,35817,,,1,1225856414
9455,9455,Directed,35839,,,1,1225846952
17532,17532,Directed,35873,,,1,1225855747
17566,17566,Directed,35942,,,1,1225837237
7359,15072,Directed,35954,,,1,1225841991
3294,3294,Directed,36084,,,1,1225839079
155,3892,Directed,36104,,,1,1225839922
17633,17633,Directed,36119,,,1,1225936339
17643,17643,Directed,36147,,,2,1225840389
1548,1548,Directed,36162,,,3,1226451315
15072,7359,Directed,36200,,,1,1225904498
1256,2316,Directed,36321,,,1,1225880620
11934,11934,Directed,36362,,,1,1225876196
17724,17724,Directed,36374,,,1,1225877531
7165,7165,Directed,36437,,,1,1225847326
11355,11355,Directed,36531,,,2,1225869808
51,420,Directed,36540,,,1,1225852474
14903,14903,Directed,36545,,,1,1225861014
17765,17765,Directed,36547,,,1,1225851948
5290,5290,Directed,36552,,,1,1225851843
17799,17799,Directed,36689,,,1,1225920104
3640,3640,Directed,36751,,,1,1225960761
17829,17829,Directed,36767,,,1,1226018593
16228,16228,Directed,36822,,,1,1225890021
3896,3896,Directed,37010,,,1,1225875520
17928,17928,Directed,37025,,,1,1225887967
1401,1401,Directed,37202,,,1,1225866922
6325,6325,Directed,37209,,,1,1225867281
18007,18007,Directed,37263,,,1,1225866068
18020,18020,Directed,37299,,,2,1225913837
9249,9249,Directed,37354,,,1,1225889309
274,4968,Directed,37561,,,1,1225873104
3424,3424,Directed,37585,,,1,1225872509
2427,2427,Directed,37690,,,1,1225877430
5442,5442,Directed,37736,,,1,1225889287
18153,18153,Directed,37744,,,1,1225873317
9154,9154,Directed,37753,,,2,1225883437
16517,16517,Directed,37895,,,1,1225875148
14831,14831,Directed,37930,,,2,1225888129
18165,18165,Directed,37978,,,1,1225876178
18272,18272,Directed,38146,,,1,1225886296
18276,18276,Directed,38160,,,1,1225886432
18278,18278,Directed,38175,,,1,1225958244
18288,18288,Directed,38206,,,1,1225878436
18292,18292,Directed,38214,,,1,1225886803
9476,9476,Directed,38248,,,1,1225972280
11162,11162,Directed,38357,,,1,1225893645
2229,2229,Directed,38359,,,1,1225946051
1925,1380,Directed,38374,,,1,1225884656
10223,10223,Directed,38385,,,2,1226453757
18017,18017,Directed,38423,,,1,1225920852
13765,13765,Directed,38448,,,1,1225897328
18362,18362,Directed,38470,,,3,1226315090
5453,5453,Directed,38533,,,1,1225888004
18380,18380,Directed,38542,,,1,1225887971
13716,13716,Directed,38568,,,1,1225883029
1114,1114,Directed,38571,,,1,1225882803
16866,16866,Directed,38601,,,1,1225884349
18425,18425,Directed,38706,,,1,1225906719
18475,18475,Directed,38856,,,1,1225883236
9936,9936,Directed,38881,,,1,1225885381
13687,13687,Directed,38976,,,1,1225883568
12792,2268,Directed,39183,,,1,1225888796
8692,8692,Directed,39210,,,1,1225888569
8442,8442,Directed,39232,,,1,1225884513
5848,5848,Directed,39274,,,1,1225890311
13812,13812,Directed,39362,,,1,1225891127
17917,17917,Directed,39414,,,1,1225908511
3452,3452,Directed,39424,,,1,1225903484
18658,18658,Directed,39456,,,1,1225892167
18681,18681,Directed,39522,,,1,1225889720
18701,18701,Directed,39579,,,1,1225898506
18713,18713,Directed,39614,,,1,1226136901
18734,18734,Directed,39673,,,1,1225892281
18746,18746,Directed,39714,,,1,1225965623
18757,18757,Directed,39762,,,1,1225891825
1538,1538,Directed,39851,,,1,1225899097
246,249,Directed,39860,,,1,1225899881
5979,5979,Directed,39889,,,1,1225890533
13523,13523,Directed,40226,,,1,1225894229
1222,1222,Directed,40419,,,1,1225899556
3251,3251,Directed,40427,,,1,1225897267
2470,2470,Directed,40541,,,2,1225911349
19017,19017,Directed,40661,,,1,1225900836
4471,4471,Directed,40775,,,1,1225900140
4098,12982,Directed,41031,,,1,1225905808
10846,10846,Directed,41181,,,1,1225905772
16,16,Directed,41187,,,2,1226219530
4350,1562,Directed,41347,,,1,1225905021
5685,5685,Directed,41374,,,1,1225905601
9362,9362,Directed,41388,,,1,1225990135
1938,356,Directed,41480,,,1,1225922652
13054,13054,Directed,41490,,,1,1225944357
10365,10365,Directed,41712,,,1,1225910616
288,288,Directed,41746,,,1,1225915202
3935,3935,Directed,41757,,,1,1225911971
2608,2608,Directed,41765,,,2,1226015222
2303,331,Directed,41794,,,2,1225995735
736,736,Directed,41801,,,1,1225920732
19418,19418,Directed,41945,,,1,1225916141
19429,19429,Directed,41958,,,1,1225991971
3764,763,Directed,41968,,,1,1225917663
19498,19498,Directed,42176,,,1,1225920015
19499,19499,Directed,42179,,,1,1225916213
19397,19397,Directed,42221,,,1,1225916296
10430,10430,Directed,42367,,,1,1225960576
4441,4441,Directed,42480,,,1,1225934951
4197,1747,Directed,42527,,,1,1225918447
1747,4197,Directed,42546,,,1,1225918521
19643,19643,Directed,42732,,,1,1225944517
665,665,Directed,42913,,,1,1225964768
6253,6253,Directed,42925,,,1,1225923624
15296,15296,Directed,42959,,,1,1226370344
19719,19719,Directed,43022,,,1,1225949442
17506,17506,Directed,43249,,,1,1225928197
19755,19755,Directed,43270,,,1,1225939732
926,926,Directed,43373,,,1,1225977948
13518,13518,Directed,43385,,,1,1226183868
19053,19053,Directed,43432,,,2,1225937900
3483,3483,Directed,43474,,,1,1225935935
1357,1357,Directed,43489,,,1,1225935581
97,356,Directed,43508,,,1,1225939086
17741,17741,Directed,43581,,,1,1225938840
3376,3376,Directed,43717,,,1,1225986708
19944,19944,Directed,43777,,,1,1225945431
19945,19945,Directed,43784,,,1,1225950549
16101,16101,Directed,43797,,,2,1226170691
18347,18347,Directed,44026,,,1,1225959572
2059,2059,Directed,44252,,,1,1226145420
18361,18361,Directed,44272,,,1,1225954963
8748,8748,Directed,44291,,,3,1226241515
18788,18788,Directed,44301,,,2,1226472264
2268,12792,Directed,44342,,,1,1226247096
1331,1331,Directed,44407,,,2,1226493799
20139,20139,Directed,44432,,,1,1225958901
20144,20144,Directed,44445,,,1,1225958447
20155,20155,Directed,44491,,,1,1225959818
15161,15161,Directed,44533,,,1,1225968679
12860,6217,Directed,44767,,,1,1225962362
2340,2340,Directed,44833,,,1,1226060179
7656,7656,Directed,44992,,,1,1225963839
20004,20004,Directed,45008,,,1,1225972027
16909,16909,Directed,45125,,,1,1225969389
13897,13897,Directed,45413,,,1,1225969069
20407,20407,Directed,45426,,,1,1226041464
20409,20409,Directed,45433,,,1,1226046110
3439,3439,Directed,45603,,,1,1226003334
6217,12860,Directed,45607,,,1,1225969275
20542,20542,Directed,45856,,,1,1225972224
20546,20546,Directed,45870,,,1,1225976491
20548,20548,Directed,45875,,,1,1226039431
1318,7101,Directed,45907,,,1,1225976201
2079,2079,Directed,45947,,,1,1226016634
20582,20582,Directed,46009,,,1,1226048771
4339,4339,Directed,46067,,,1,1225979421
488,488,Directed,46129,,,1,1226039454
356,97,Directed,46133,,,1,1225974764
575,5821,Directed,46144,,,1,1225975559
6211,356,Directed,46230,,,1,1225978357
356,6211,Directed,46307,,,1,1225991036
18317,18317,Directed,46364,,,1,1226049225
161,161,Directed,46435,,,1,1225982427
2517,2517,Directed,46461,,,1,1225997600
6958,6958,Directed,46571,,,1,1225976955
20729,20729,Directed,46584,,,1,1225979931
2899,2899,Directed,46631,,,2,1226147990
14620,14620,Directed,46693,,,1,1225978812
12982,4098,Directed,46881,,,1,1225981453
3179,3179,Directed,47015,,,1,1225981912
2716,2716,Directed,47448,,,1,1226001940
3422,3422,Directed,47462,,,1,1226033545
2299,2299,Directed,47519,,,1,1225984349
15717,15717,Directed,47530,,,1,1226000277
2542,2542,Directed,47537,,,1,1225983948
21003,21003,Directed,47613,,,1,1225985131
14372,14372,Directed,47634,,,1,1225986826
19183,19183,Directed,47645,,,1,1225985294
16913,16913,Directed,47812,,,1,1225998713
16129,16129,Directed,47870,,,1,1226004694
14811,14811,Directed,47896,,,1,1225990855
9019,9019,Directed,47911,,,1,1226021779
19025,19025,Directed,47920,,,1,1225989286
505,505,Directed,47943,,,1,1225989933
18056,18056,Directed,47958,,,1,1225989744
7545,7545,Directed,48176,,,1,1225996470
3350,2518,Directed,48264,,,1,1225992869
2518,3350,Directed,48311,,,1,1225992859
7853,7853,Directed,48322,,,1,1225994808
21243,21243,Directed,48402,,,1,1225998487
18006,18006,Directed,48418,,,1,1226069312
4729,6986,Directed,48466,,,1,1225996661
21292,21292,Directed,48547,,,1,1226239870
21294,21294,Directed,48553,,,1,1225996103
3344,3344,Directed,48584,,,1,1226000826
6986,4729,Directed,48651,,,1,1225998817
15514,15514,Directed,48785,,,1,1225998305
21395,21395,Directed,48882,,,1,1226000277
19322,19322,Directed,49044,,,2,1226253409
18094,18094,Directed,49118,,,1,1226002325
17156,17156,Directed,49164,,,1,1226003825
1414,1414,Directed,49172,,,1,1226152577
9324,9324,Directed,49324,,,1,1226008719
21540,21540,Directed,49361,,,1,1226032609
9168,9168,Directed,49427,,,1,1226006436
18898,18898,Directed,49462,,,1,1226042842
8919,8919,Directed,49515,,,1,1226016154
21598,21598,Directed,49529,,,1,1226528543
21628,21628,Directed,49626,,,1,1226044623
14728,14728,Directed,49868,,,2,1226121664
5225,5225,Directed,50015,,,1,1226051143
2525,2525,Directed,50100,,,1,1226063008
21052,21052,Directed,50186,,,1,1226016413
6831,6831,Directed,50216,,,1,1226064866
21794,21794,Directed,50218,,,1,1226017494
3125,3125,Directed,50240,,,1,1226060997
11247,11247,Directed,50311,,,1,1226054498
21835,21835,Directed,50345,,,1,1226065131
21903,10518,Directed,50532,,,1,1226028996
10518,10518,Directed,50533,,,1,1226031958
21903,21903,Directed,50568,,,1,1226030269
10518,21903,Directed,50571,,,1,1226031934
21936,21936,Directed,50621,,,1,1226391147
15836,15836,Directed,50769,,,1,1226034306
11791,11791,Directed,50772,,,4,1226046696
14914,14914,Directed,50823,,,1,1226041155
8752,8752,Directed,50851,,,2,1226178057
21994,21994,Directed,50857,,,1,1226041507
14699,8460,Directed,50858,,,3,1226343331
20452,1687,Directed,50906,,,1,1226036190
8906,8906,Directed,50958,,,1,1226045452
22047,22047,Directed,51069,,,1,1226140514
5669,5669,Directed,51137,,,1,1226060921
4968,274,Directed,51143,,,1,1226040091
1687,20452,Directed,51195,,,1,1226039785
9045,9045,Directed,51236,,,1,1226046247
4907,4907,Directed,51413,,,1,1226041099
4312,4312,Directed,51527,,,1,1226073184
8766,8766,Directed,51592,,,1,1226042924
22234,22234,Directed,51764,,,1,1226045438
294,294,Directed,51978,,,1,1226047662
22307,22307,Directed,52006,,,1,1226045917
22313,22313,Directed,52043,,,1,1226052087
1220,1220,Directed,52056,,,1,1226046908
22339,22339,Directed,52175,,,1,1226063797
22343,22343,Directed,52185,,,1,1226049955
3071,3071,Directed,52256,,,1,1226047433
10838,10838,Directed,52278,,,1,1226048313
142,142,Directed,52344,,,1,1226059941
1267,1267,Directed,52383,,,1,1226051763
22435,22435,Directed,52568,,,1,1226050030
4860,4860,Directed,52619,,,1,1226067425
4493,2303,Directed,52676,,,1,1226150686
22494,22494,Directed,52770,,,1,1226091774
1218,1218,Directed,52858,,,1,1226052126
20003,20003,Directed,52896,,,1,1226054212
174,174,Directed,52922,,,1,1226052622
12396,12396,Directed,52990,,,1,1226054000
125,125,Directed,53070,,,1,1226066570
13311,654,Directed,53079,,,1,1226055713
16607,16607,Directed,53151,,,1,1226058889
17124,17124,Directed,53165,,,2,1226480576
3,3,Directed,53181,,,2,1226067911
22626,22626,Directed,53374,,,1,1226055879
15365,15365,Directed,53381,,,1,1226180147
4241,4241,Directed,53412,,,1,1226056152
1380,1925,Directed,53685,,,1,1226057998
1416,1416,Directed,53708,,,1,1226060860
1119,206,Directed,53726,,,1,1226065559
1944,1944,Directed,53770,,,1,1226064246
5624,294,Directed,53790,,,1,1226059459
22743,22743,Directed,53848,,,1,1226079391
1797,1797,Directed,53856,,,1,1226062106
18931,18931,Directed,53897,,,1,1226060634
22793,22793,Directed,54042,,,1,1226061818
13993,13993,Directed,54213,,,1,1226064794
2966,2966,Directed,54274,,,1,1226148636
8780,8780,Directed,54331,,,1,1226301936
1940,1940,Directed,54352,,,1,1226068486
4413,4413,Directed,54390,,,2,1226070996
22891,22891,Directed,54411,,,1,1226068137
13212,13212,Directed,54678,,,1,1226153116
8771,8771,Directed,54694,,,1,1226095582
8699,8699,Directed,54720,,,1,1226070582
1412,1412,Directed,54743,,,1,1226070021
7275,7275,Directed,54880,,,1,1226503938
23010,23010,Directed,54883,,,2,1226089145
3433,3433,Directed,54977,,,1,1226134849
23030,23030,Directed,55013,,,1,1226077281
13400,13400,Directed,55016,,,1,1226127835
6731,6731,Directed,55024,,,1,1226111523
3514,3514,Directed,55068,,,1,1226082090
2588,2588,Directed,55084,,,1,1226308623
11032,11032,Directed,55301,,,1,1226077578
22246,22246,Directed,55323,,,1,1226078175
4347,4347,Directed,55385,,,1,1226077604
10975,10975,Directed,55500,,,1,1226170629
1778,1778,Directed,55566,,,1,1226081457
3411,3411,Directed,55593,,,1,1226093091
282,282,Directed,55641,,,1,1226138649
6384,6384,Directed,55663,,,1,1226084124
21770,21770,Directed,55697,,,1,1226218743
20009,5889,Directed,55756,,,1,1226109710
451,1699,Directed,55778,,,1,1226089280
13654,13654,Directed,55819,,,1,1226085716
19333,19333,Directed,55976,,,1,1226089003
2917,2917,Directed,55979,,,1,1226090286
6373,6373,Directed,56022,,,1,1226089892
948,948,Directed,56049,,,2,1226090824
23337,23337,Directed,56191,,,1,1226093672
2303,5189,Directed,56295,,,1,1226117693
655,655,Directed,56297,,,1,1226249642
4167,4167,Directed,56412,,,1,1226096433
20081,20081,Directed,56424,,,1,1226096186
23396,23396,Directed,56497,,,1,1226140297
23404,23404,Directed,56531,,,2,1226279409
23423,23423,Directed,56587,,,1,1226179112
2214,2214,Directed,56711,,,1,1226152711
15283,15283,Directed,56788,,,1,1226145266
19700,19700,Directed,56804,,,1,1226166415
2303,4493,Directed,56822,,,1,1226115717
20312,20312,Directed,56932,,,1,1226207991
688,688,Directed,56934,,,4,1226398452
5763,5763,Directed,56960,,,1,1226156662
3991,3991,Directed,57124,,,1,1226126222
599,561,Directed,57161,,,3,1226304274
23582,23582,Directed,57191,,,1,1226212582
561,599,Directed,57229,,,1,1226127157
23382,23382,Directed,57234,,,2,1226169747
2665,22049,Directed,57279,,,2,1226338290
2316,823,Directed,57564,,,1,1226131610
6427,6427,Directed,57659,,,2,1226133276
23698,23698,Directed,57674,,,1,1226137673
3967,331,Directed,57749,,,2,1226142936
23715,23715,Directed,57765,,,1,1226154231
3022,3022,Directed,57799,,,1,1226132732
23766,23766,Directed,57970,,,1,1226134945
4965,4965,Directed,58062,,,1,1226179449
6133,6133,Directed,58098,,,2,1226497553
996,996,Directed,58185,,,1,1226139160
8873,8873,Directed,58263,,,1,1226160241
1221,1221,Directed,58286,,,1,1226140211
10058,10058,Directed,58340,,,1,1226143718
5620,5620,Directed,58451,,,1,1226142589
6745,6745,Directed,58458,,,1,1226151482
3967,3967,Directed,58497,,,1,1226143978
20882,20882,Directed,58529,,,1,1226442557
1747,1747,Directed,58614,,,1,1226147074
23978,23978,Directed,58807,,,1,1226146606
11810,11810,Directed,58834,,,1,1226147360
976,976,Directed,58913,,,2,1226281034
24054,24054,Directed,59097,,,1,1226260056
23103,23103,Directed,59108,,,1,1226215396
457,457,Directed,59280,,,1,1226155729
24123,24123,Directed,59375,,,1,1226156756
8089,8089,Directed,59452,,,1,1226160083
24175,24175,Directed,59588,,,1,1226161394
11105,11105,Directed,59692,,,1,1226239892
3548,3548,Directed,59718,,,1,1226171696
7790,7790,Directed,59725,,,1,1226164471
2345,2345,Directed,59878,,,1,1226204844
20112,20112,Directed,59984,,,1,1226165187
2804,2804,Directed,60019,,,2,1226234303
7169,7169,Directed,60029,,,1,1226233094
24317,24317,Directed,60173,,,2,1226347026
559,559,Directed,60233,,,1,1226174838
191,1228,Directed,60403,,,1,1226264316
2991,2991,Directed,60530,,,1,1226172207
4015,4015,Directed,60731,,,1,1226219181
24444,24444,Directed,60791,,,1,1226177876
24449,24449,Directed,60810,,,1,1226302153
356,1938,Directed,60811,,,1,1226177745
4389,4389,Directed,60820,,,1,1226175508
22172,22172,Directed,61097,,,1,1226180122
1508,1508,Directed,61211,,,1,1226223466
13662,13662,Directed,61219,,,1,1226263807
3056,3056,Directed,61318,,,1,1226191730
477,477,Directed,61496,,,1,1226190515
24197,24197,Directed,61549,,,1,1226190491
24622,24622,Directed,61603,,,1,1226200029
24666,24666,Directed,61753,,,1,1226194820
1192,1192,Directed,61836,,,1,1226197211
20019,20019,Directed,61859,,,1,1226238952
3470,3470,Directed,61918,,,1,1226214311
19908,19908,Directed,62367,,,1,1226219408
4792,4792,Directed,62376,,,2,1226530253
2522,2522,Directed,62533,,,1,1226226197
14538,14538,Directed,62564,,,1,1226247228
15928,15928,Directed,62592,,,1,1226214952
24866,24866,Directed,62672,,,1,1226217129
17893,194,Directed,62833,,,1,1226220547
2984,2984,Directed,62879,,,1,1226239190
56,1220,Directed,62937,,,1,1226265167
8999,8999,Directed,62946,,,1,1226244001
4207,4207,Directed,62966,,,1,1226225706
24964,24964,Directed,63032,,,1,1226226448
663,1228,Directed,63036,,,1,1226237520
6494,6494,Directed,63211,,,1,1226225152
23529,23529,Directed,63258,,,1,1226257460
12743,12743,Directed,63273,,,1,1226225686
18176,18176,Directed,63294,,,4,1226237630
20678,20678,Directed,63324,,,1,1226273055
5932,5932,Directed,63396,,,1,1226238490
21713,21713,Directed,63434,,,1,1226227892
7862,7862,Directed,63467,,,1,1226311247
19948,19948,Directed,63544,,,1,1226231287
20151,20151,Directed,63567,,,4,1226384628
24742,24742,Directed,63669,,,1,1226231018
3814,3814,Directed,63709,,,3,1226435084
25136,25136,Directed,63718,,,1,1226252915
318,318,Directed,63762,,,1,1226359298
7304,97,Directed,63779,,,1,1226234668
97,7304,Directed,63804,,,1,1226233542
25159,25159,Directed,63835,,,1,1226234255
25163,25163,Directed,63847,,,1,1226234465
8523,8523,Directed,64013,,,1,1226239866
7402,7402,Directed,64033,,,1,1226259929
4904,4904,Directed,64105,,,1,1226263651
19002,19002,Directed,64134,,,2,1226271248
6350,3231,Directed,64249,,,1,1226240282
11762,11762,Directed,64288,,,1,1226382148
5487,5487,Directed,64292,,,1,1226245396
14710,14710,Directed,64312,,,1,1226311792
10829,10829,Directed,64360,,,1,1226243898
8599,8599,Directed,64453,,,1,1226241977
16336,16336,Directed,64571,,,1,1226255412
5219,5219,Directed,64631,,,1,1226339973
12626,12626,Directed,64653,,,1,1226349135
1893,1893,Directed,65048,,,1,1226315724
24487,24487,Directed,65074,,,1,1226298092
19272,19272,Directed,65121,,,1,1226256088
25464,25464,Directed,65158,,,1,1226339971
206,1119,Directed,65434,,,1,1226254122
25192,25192,Directed,65485,,,1,1226258374
21235,21235,Directed,65491,,,1,1226326113
25537,25537,Directed,65621,,,1,1226256508
13888,13888,Directed,65787,,,1,1226256242
281,281,Directed,65838,,,1,1226256027
16471,16471,Directed,65896,,,1,1226456151
3064,3064,Directed,65915,,,1,1226260267
5830,6473,Directed,65946,,,1,1226257521
25612,25612,Directed,66093,,,1,1226272551
8715,8715,Directed,66114,,,1,1226273618
2920,2920,Directed,66116,,,2,1226261489
6017,6017,Directed,66204,,,4,1226320099
21756,21756,Directed,66364,,,1,1226276569
451,4089,Directed,66398,,,1,1226302113
16041,16041,Directed,66619,,,1,1226264607
6859,6859,Directed,66718,,,1,1226268717
8661,8661,Directed,66724,,,1,1226286355
25819,25819,Directed,66761,,,1,1226267575
4198,4198,Directed,66768,,,1,1226349774
11518,11518,Directed,66889,,,1,1226322596
755,755,Directed,66909,,,1,1226342233
25858,25858,Directed,66963,,,1,1226269719
1410,1410,Directed,67126,,,2,1226470561
5618,5618,Directed,67177,,,1,1226269147
3821,3821,Directed,67225,,,1,1226336150
25949,25949,Directed,67278,,,1,1226336900
25973,25973,Directed,67368,,,1,1226273622
724,724,Directed,67379,,,2,1226417539
6804,6804,Directed,67401,,,1,1226308912
26021,26021,Directed,67568,,,1,1226275156
5921,5921,Directed,67645,,,1,1226278614
4987,4987,Directed,67663,,,1,1226317049
2218,2218,Directed,67706,,,2,1226279829
9666,9666,Directed,67759,,,1,1226282018
3382,660,Directed,67809,,,1,1226294794
23238,23238,Directed,67842,,,1,1226284502
26074,26074,Directed,67893,,,1,1226296820
1228,191,Directed,67930,,,1,1226325784
194,17893,Directed,67943,,,1,1226297746
400,400,Directed,68311,,,1,1226331528
10045,10045,Directed,68478,,,1,1226324905
26241,26241,Directed,68533,,,1,1226310384
18480,18480,Directed,68591,,,1,1226343709
1999,1999,Directed,68706,,,1,1226314783
8545,8545,Directed,68875,,,1,1226310107
18783,18783,Directed,68894,,,2,1226309206
26322,26322,Directed,68907,,,1,1226444565
3458,3458,Directed,69100,,,1,1226310407
26382,26382,Directed,69208,,,1,1226314162
26394,26394,Directed,69250,,,1,1226319270
1289,1289,Directed,69531,,,1,1226308402
26456,26456,Directed,69657,,,1,1226330034
7908,7620,Directed,69757,,,1,1226313192
22049,2665,Directed,69967,,,1,1226352287
1137,1137,Directed,70118,,,1,1226313262
12084,12084,Directed,70138,,,1,1226314281
12281,12281,Directed,70203,,,1,1226314557
5953,5953,Directed,70276,,,1,1226356244
26611,26611,Directed,70410,,,1,1226319620
7620,7908,Directed,70498,,,1,1226315757
26637,5735,Directed,70509,,,1,1226316950
1079,5735,Directed,70510,,,1,1226319600
5735,26637,Directed,70530,,,1,1226316344
5889,20009,Directed,70606,,,1,1226317380
6012,6012,Directed,70692,,,1,1226324590
8806,8806,Directed,70791,,,1,1226323751
525,525,Directed,70928,,,1,1226327547
294,5624,Directed,70940,,,1,1226412585
8055,472,Directed,70986,,,1,1226322722
5735,1079,Directed,71043,,,1,1226320066
1681,1681,Directed,71093,,,1,1226323418
15131,15131,Directed,71188,,,1,1226325718
26792,26792,Directed,71213,,,1,1226322845
22024,22024,Directed,71216,,,1,1226323987
21098,21098,Directed,71250,,,1,1226466175
12216,12216,Directed,71266,,,1,1226323296
26804,26804,Directed,71278,,,1,1226322245
26806,26806,Directed,71284,,,1,1226326782
472,8055,Directed,71307,,,1,1226322546
6179,6179,Directed,71345,,,1,1226323784
2098,2098,Directed,71400,,,1,1226322954
10882,10882,Directed,71463,,,1,1226325067
13776,13776,Directed,71590,,,1,1226325970
14561,14561,Directed,71667,,,1,1226324798
663,26421,Directed,71668,,,1,1226325184
22886,22886,Directed,71724,,,1,1226326495
26903,26903,Directed,71736,,,1,1226326825
10657,20702,Directed,71817,,,1,1226326888
20702,20702,Directed,71819,,,1,1226381292
1475,1475,Directed,71923,,,1,1226327553
20702,10657,Directed,72029,,,1,1226327384
23834,23834,Directed,72089,,,1,1226342409
3600,3600,Directed,72132,,,1,1226335312
26998,26998,Directed,72236,,,1,1226330192
1994,1994,Directed,72268,,,2,1226329368
8055,8055,Directed,72291,,,1,1226330276
473,473,Directed,72446,,,1,1226331609
11602,11602,Directed,72489,,,1,1226367273
16337,16337,Directed,72527,,,1,1226392969
27093,27093,Directed,72647,,,1,1226334975
9588,9588,Directed,72657,,,1,1226336811
12618,12618,Directed,72661,,,1,1226335487
11789,11789,Directed,72684,,,1,1226398649
9910,9910,Directed,72743,,,1,1226335201
26410,26410,Directed,72753,,,1,1226335459
7920,7920,Directed,72816,,,1,1226337084
8460,14699,Directed,72825,,,1,1226338287
12246,12246,Directed,72842,,,1,1226337241
3367,3367,Directed,73001,,,1,1226344014
27182,27182,Directed,73029,,,1,1226344407
7181,7181,Directed,73075,,,1,1226396891
11732,11732,Directed,73077,,,1,1226339230
26945,26945,Directed,73116,,,1,1226339278
27215,27215,Directed,73190,,,1,1226340609
7124,451,Directed,73282,,,1,1226344221
679,679,Directed,73392,,,1,1226358766
27269,27269,Directed,73416,,,1,1226452385
27272,27272,Directed,73438,,,1,1226342142
451,7124,Directed,73821,,,1,1226345486
1228,663,Directed,73867,,,1,1226389724
1876,1876,Directed,73973,,,1,1226411861
27375,27375,Directed,73990,,,1,1226347659
24322,24322,Directed,74006,,,1,1226346440
2280,2280,Directed,74095,,,1,1226348222
218,218,Directed,74130,,,1,1226398194
27358,27358,Directed,74132,,,1,1226348570
27423,27423,Directed,74210,,,1,1226350193
5833,5833,Directed,74259,,,1,1226511809
17451,17451,Directed,74293,,,2,1226508131
3243,3243,Directed,74377,,,1,1226350747
12168,2572,Directed,74629,,,1,1226439215
129,129,Directed,74673,,,1,1226354446
27527,27527,Directed,74702,,,1,1226447644
27529,27529,Directed,74710,,,1,1226356410
25414,25414,Directed,74951,,,1,1226391162
27586,27586,Directed,74963,,,1,1226358002
1254,1254,Directed,74989,,,1,1226360071
19626,19626,Directed,75047,,,1,1226359560
8451,8451,Directed,75108,,,1,1226362326
9791,9791,Directed,75213,,,1,1226385811
24154,24154,Directed,75263,,,1,1226362492
15316,15316,Directed,75342,,,2,1226441729
7775,7775,Directed,75343,,,1,1226364171
1033,356,Directed,75363,,,1,1226364884
15728,15728,Directed,75378,,,1,1226522751
3964,3964,Directed,75589,,,1,1226507016
20668,20668,Directed,75648,,,1,1226376117
26421,663,Directed,75729,,,1,1226388494
18211,18211,Directed,75760,,,1,1226392711
27782,27782,Directed,75881,,,1,1226392578
1673,3963,Directed,75883,,,1,1226393798
27850,27850,Directed,75971,,,1,1226389531
19955,19955,Directed,75983,,,1,1226387507
27907,27907,Directed,76146,,,1,1226388968
6181,6181,Directed,76150,,,1,1226385497
24276,24276,Directed,76191,,,1,1226386231
19150,19150,Directed,76242,,,1,1226387440
1287,615,Directed,76252,,,1,1226414352
1926,1926,Directed,76275,,,1,1226394273
27927,27927,Directed,76300,,,1,1226412442
807,807,Directed,76318,,,1,1226478407
5882,17009,Directed,76379,,,1,1226389239
17009,5882,Directed,76434,,,1,1226445599
6631,6631,Directed,76509,,,1,1226407815
18163,18163,Directed,76536,,,1,1226393098
1687,1687,Directed,76550,,,1,1226395385
22547,22547,Directed,76671,,,1,1226392413
3771,3771,Directed,76741,,,1,1226477100
5332,5332,Directed,76744,,,1,1226397841
470,470,Directed,76862,,,1,1226394870
3000,3000,Directed,76950,,,1,1226394852
1057,1057,Directed,77088,,,1,1226399510
20231,20231,Directed,77206,,,1,1226407250
13310,13310,Directed,77392,,,1,1226410421
5478,5478,Directed,77468,,,1,1226507258
1165,877,Directed,77483,,,1,1226398830
22163,22163,Directed,77493,,,1,1226428468
28231,28231,Directed,77528,,,1,1226399707
2328,2328,Directed,77611,,,2,1226400652
23118,23118,Directed,77638,,,1,1226398249
13923,13923,Directed,77644,,,1,1226406105
6226,6226,Directed,77693,,,1,1226417396
15826,15826,Directed,77864,,,1,1226417951
3340,3340,Directed,77900,,,1,1226401578
25320,25320,Directed,77903,,,1,1226405172
4350,4350,Directed,77953,,,1,1226402346
4594,4594,Directed,77984,,,1,1226409550
8779,8779,Directed,78062,,,1,1226424040
8745,8745,Directed,78162,,,1,1226441022
14389,14389,Directed,78304,,,1,1226406594
3651,3651,Directed,78309,,,1,1226414847
8361,8361,Directed,78646,,,1,1226423001
16017,16017,Directed,78693,,,1,1226408064
1911,1911,Directed,78706,,,2,1226429231
28495,28495,Directed,78715,,,1,1226413052
615,1287,Directed,78725,,,1,1226412142
28564,28564,Directed,78999,,,1,1226412550
28572,28572,Directed,79027,,,1,1226412566
3231,6350,Directed,79262,,,1,1226416515
28637,28637,Directed,79283,,,1,1226416387
7074,7074,Directed,79832,,,1,1226439717
5222,5222,Directed,79882,,,2,1226443451
18896,18896,Directed,79895,,,1,1226422290
24737,24737,Directed,79934,,,1,1226434935
127,127,Directed,79960,,,1,1226495369
6455,6455,Directed,80198,,,1,1226467418
15056,15056,Directed,80223,,,1,1226426721
5582,5582,Directed,80273,,,1,1226488906
28853,28853,Directed,80283,,,1,1226427284
25783,25783,Directed,80360,,,1,1226438299
28694,28694,Directed,80581,,,1,1226482443
19812,19812,Directed,80683,,,1,1226500789
7454,7454,Directed,80690,,,1,1226468186
28946,28946,Directed,80750,,,1,1226443701
9039,9039,Directed,80755,,,1,1226433412
28963,28963,Directed,80843,,,1,1226433790
4457,4457,Directed,80850,,,1,1226438574
6659,6659,Directed,80881,,,1,1226439467
28986,28986,Directed,80958,,,1,1226434325
18741,18741,Directed,81066,,,1,1226435392
29009,29009,Directed,81084,,,1,1226444228
3201,3201,Directed,81126,,,1,1226444041
2316,1256,Directed,81256,,,1,1226440501
11484,11484,Directed,81296,,,1,1226439297
24592,24592,Directed,81396,,,1,1226438709
2327,2327,Directed,81465,,,1,1226443201
29092,29092,Directed,81488,,,1,1226528392
3409,3409,Directed,81545,,,1,1226449367
654,13311,Directed,81573,,,1,1226442357
6473,5830,Directed,81582,,,1,1226443503
7162,7162,Directed,81746,,,1,1226443979
11588,11588,Directed,81828,,,1,1226480195
14848,14848,Directed,81846,,,1,1226446884
27317,27317,Directed,82080,,,1,1226472977
29262,29262,Directed,82244,,,1,1226456870
1804,1804,Directed,82374,,,1,1226459400
1605,1605,Directed,82520,,,1,1226474523
29373,29373,Directed,82735,,,1,1226486424
23193,23193,Directed,82737,,,2,1226477089
6366,3491,Directed,82803,,,1,1226472132
3491,6366,Directed,82807,,,1,1226474866
6366,6366,Directed,82808,,,2,1226475413
6231,6231,Directed,82842,,,1,1226470094
23283,23283,Directed,82882,,,1,1226475514
1318,1318,Directed,82918,,,1,1226501538
26375,26375,Directed,82936,,,1,1226470094
17980,17980,Directed,82974,,,1,1226485229
10857,10857,Directed,83000,,,1,1226471147
29435,29435,Directed,83020,,,1,1226482276
27970,27970,Directed,83029,,,1,1226470973
2578,2578,Directed,83092,,,1,1226476674
1812,1812,Directed,83094,,,1,1226474080
29453,29453,Directed,83110,,,1,1226493985
29472,29472,Directed,83151,,,1,1226495806
6097,6097,Directed,83343,,,1,1226519547
29538,29538,Directed,83424,,,1,1226480632
29546,29546,Directed,83476,,,3,1226485770
12856,12856,Directed,83528,,,1,1226477228
4034,4034,Directed,83588,,,1,1226491176
1925,1904,Directed,83613,,,1,1226484704
29580,29580,Directed,83664,,,1,1226478316
26089,26089,Directed,83718,,,1,1226478529
29598,29598,Directed,83767,,,2,1226481205
7118,7118,Directed,83792,,,1,1226482327
29626,10316,Directed,83903,,,1,1226482475
29656,29656,Directed,84094,,,1,1226482621
15918,15918,Directed,84147,,,1,1226527622
11172,11172,Directed,84191,,,2,1226496247
10316,29626,Directed,84226,,,1,1226484626
3002,3002,Directed,84295,,,1,1226516728
28518,28518,Directed,84304,,,1,1226484645
828,828,Directed,84417,,,1,1226486219
26684,26684,Directed,84520,,,1,1226489705
8061,8061,Directed,84571,,,1,1226522200
1557,1557,Directed,84654,,,1,1226489117
29782,29782,Directed,84664,,,1,1226521759
27260,27260,Directed,84673,,,1,1226493417
1771,1771,Directed,84731,,,1,1226488412
18463,18463,Directed,84783,,,1,1226490720
8708,8708,Directed,84918,,,1,1226491312
4769,4769,Directed,84930,,,1,1226491298
28777,28777,Directed,84989,,,1,1226493390
29855,29855,Directed,84993,,,1,1226490776
18315,18315,Directed,85000,,,1,1226491212
6591,6591,Directed,85049,,,1,1226525087
759,759,Directed,85093,,,1,1226491171
16808,16808,Directed,85117,,,1,1226492722
15833,15833,Directed,85564,,,1,1226494359
2170,2170,Directed,85725,,,1,1226506753
2091,2091,Directed,85743,,,1,1226500703
148,148,Directed,85781,,,1,1226504224
58,58,Directed,85804,,,1,1226500884
1663,11549,Directed,85844,,,1,1226497984
30037,30037,Directed,85926,,,1,1226497211
29774,29774,Directed,85987,,,1,1226509512
28130,28130,Directed,85997,,,1,1226501359
2940,2940,Directed,86105,,,1,1226500956
391,391,Directed,86127,,,1,1226501281
850,1070,Directed,86217,,,1,1226501117
30119,30119,Directed,86228,,,1,1226503042
3728,3728,Directed,86252,,,1,1226504934
7783,7783,Directed,86257,,,1,1226502028
1582,1582,Directed,86328,,,1,1226517133
5837,5837,Directed,86333,,,1,1226503154
2506,2506,Directed,86337,,,1,1226503086
1987,1987,Directed,86363,,,1,1226510371
28691,28691,Directed,86401,,,1,1226506896
9260,9260,Directed,86462,,,1,1226525234
3748,3748,Directed,86485,,,1,1226514997
30066,30066,Directed,86549,,,1,1226505887
1562,4350,Directed,86561,,,1,1226507182
8864,8864,Directed,86858,,,1,1226509438
9116,9116,Directed,86986,,,1,1226512060
6234,6234,Directed,86989,,,1,1226519063
12373,12373,Directed,87061,,,1,1226513788
30286,30286,Directed,87122,,,1,1226514261
763,3764,Directed,87176,,,1,1226517917
29054,29054,Directed,87202,,,1,1226525262
30309,30309,Directed,87216,,,1,1226517323
30342,30342,Directed,87334,,,1,1226520477
16989,16989,Directed,87354,,,1,1226521630
23054,23054,Directed,87361,,,1,1226522761
2298,2298,Directed,87364,,,1,1226526101
30355,30355,Directed,87378,,,1,1226520840
3764,3764,Directed,87599,,,1,1226529494
21539,21539,Directed,87611,,,1,1226530331
